"Plant_id","Plot","Plant_sp","X","Y"
"1","A","UPAR",721878.785,4099210.022
"10","A","UPAR",721878.925,4099205.347
"100","F","ROFF",721724.635,4098190.902
"101","F","ROFF",721728.607,4098183.493
"102","F","ROFF",721719.776,4098180.772
"103","F","ROFF",721726.587,4098173.095
"104","F","ROFF",721715.233,4098168.784
"105","F","ROFF",721722.898,4098178.75
"106","A","HCOM",721889.552,4099213.451
"107","A","HCOM",721884.209,4099205.798
"108","A","HCOM",721887.585,4099218.668
"109","A","HCOM",721880.759,4099208.092
"11","A","UPAR",721885.816,4099216.119
"110","A","HCOM",721887.095,4099209.896
"111","A","HCOM",721880.77,4099211.938
"112","A","HCOM",721881.546,4099221.112
"113","A","HCOM",721883.703,4099214.663
"114","A","HCOM",721885.932,4099222.86
"115","A","HCOM",721873.622,4099211.143
"116","A","HCOM",721886.51,4099213.121
"117","A","HCOM",721890.194,4099220.479
"118","A","HCOM",721878.478,4099211.668
"119","A","HCOM",721878.641,4099208.519
"12","A","UPAR",721890.753,4099218.831
"120","A","HCOM",721888.862,4099207.523
"121","B","HCOM",721865.925,4099090.048
"122","B","HCOM",721868.92,4099092.3
"123","B","HCOM",721868.254,4099085.666
"124","B","HCOM",721861.251,4099083.71
"125","B","HCOM",721861.885,4099088.554
"126","B","HCOM",721873.471,4099091.936
"127","B","HCOM",721873.395,4099097.963
"128","B","HCOM",721871.44,4099081.408
"129","B","HCOM",721873.53,4099076.638
"13","A","UPAR",721885.772,4099219.422
"130","B","HCOM",721875.541,4099087.265
"131","B","HCOM",721861.789,4099075.526
"132","B","HCOM",721871.727,4099085.668
"133","B","HCOM",721862.531,4099092.303
"134","B","HCOM",721858.861,4099087.16
"135","B","HCOM",721867.668,4099080.277
"136","C","HCOM",721815.273,4098790.489
"137","C","HCOM",721811.492,4098792.564
"138","C","HCOM",721813.117,4098796.601
"139","C","HCOM",721816.153,4098782.807
"14","A","UPAR",721885.187,4099222.437
"140","C","HCOM",721813.183,4098786.834
"141","C","HCOM",721821.907,4098790.321
"142","C","HCOM",721824.563,4098796.436
"143","C","HCOM",721826.892,4098785.581
"144","C","HCOM",721825.143,4098790.93
"145","C","HCOM",721824.133,4098785.628
"146","C","HCOM",721811.122,4098785.975
"147","C","HCOM",721816.415,4098791.373
"148","C","HCOM",721818.302,4098781.785
"149","C","HCOM",721808.713,4098790.857
"15","A","UPAR",721871.951,4099219.168
"150","C","HCOM",721819.31,4098785.765
"151","D","HCOM",721791.662,4098621.863
"152","D","HCOM",721788.735,4098618.779
"153","D","HCOM",721793.826,4098613.718
"154","D","HCOM",721794.998,4098619.411
"155","D","HCOM",721791.314,4098629.784
"156","D","HCOM",721780.855,4098630.396
"157","D","HCOM",721779.305,4098618.179
"158","D","HCOM",721783.982,4098619.617
"159","D","HCOM",721777.078,4098622.885
"16","B","ROFF",721870.41,4099080.034
"160","D","HCOM",721774.524,4098620.535
"161","D","HCOM",721787.946,4098608.923
"162","D","HCOM",721786.433,4098627.213
"163","D","HCOM",721790.302,4098618.857
"164","D","HCOM",721789.811,4098614.539
"165","D","HCOM",721775.803,4098627.043
"166","D","SGEN",721792.384,4098621.006
"167","D","SGEN",721789.821,4098617.353
"168","D","SGEN",721789.09,4098614.557
"169","D","SGEN",721795.715,4098613.887
"17","B","ROFF",721861.711,4099085.448
"170","D","SGEN",721791.316,4098627.236
"171","D","SGEN",721779.305,4098616.939
"172","D","SGEN",721776.526,4098626.716
"173","D","SGEN",721785.811,4098625.687
"174","D","SGEN",721777.718,4098622.134
"175","D","SGEN",721779.1,4098627.343
"176","D","SGEN",721786.756,4098616.86
"177","D","SGEN",721786.242,4098620.396
"178","D","SGEN",721778.539,4098613.825
"179","D","SGEN",721775.778,4098618.991
"18","B","ROFF",721864.39,4099079.68
"180","D","SGEN",721775.889,4098622.145
"181","E","HCOM",721722,4098347.268
"182","E","HCOM",721725.474,4098340.628
"183","E","HCOM",721728.143,4098347.38
"184","E","HCOM",721721.429,4098340.243
"185","E","HCOM",721720.18,4098334.585
"186","E","HCOM",721731.682,4098336.39
"187","E","HCOM",721727.637,4098330.178
"188","E","HCOM",721733.253,4098340.982
"189","E","HCOM",721732.714,4098330.767
"19","B","ROFF",721862.04,4099089.043
"190","E","HCOM",721727.048,4098333.017
"191","E","HCOM",721728.526,4098343.204
"192","E","HCOM",721723.639,4098336.038
"193","E","HCOM",721733.065,4098326.945
"194","E","HCOM",721730.169,4098334.598
"195","E","HCOM",721737.487,4098339.491
"196","F","HCOM",721714.719,4098190.737
"197","F","HCOM",721719.68,4098188.425
"198","F","HCOM",721724.362,4098184.387
"199","F","HCOM",721730.409,4098182.275
"2","A","UPAR",721884.837,4099209.955
"20","B","ROFF",721877.478,4099083.906
"200","F","HCOM",721725.715,4098187.448
"201","F","HCOM",721711.746,4098177.938
"202","F","HCOM",721727.657,4098180.189
"203","F","HCOM",721718.639,4098174.563
"204","F","HCOM",721725.759,4098172.666
"205","F","HCOM",721722.164,4098178.493
"206","F","HCOM",721721.648,4098170.598
"207","F","HCOM",721731.377,4098176.881
"208","F","HCOM",721719.531,4098182.212
"209","F","HCOM",721721.696,4098190.015
"21","B","ROFF",721866.787,4099095.656
"210","F","HCOM",721716.846,4098183.757
"211","F","SGEN",721720.926,4098192.984
"212","F","UPAR",721716.41,4098190.985
"213","F","SGEN",721722.038,4098182.445
"214","F","UPAR",721728.817,4098179.662
"215","F","SGEN",721726.28,4098189.651
"216","F","SGEN",721729.157,4098175.712
"217","F","SGEN",721714.711,4098174.4
"218","F","UPAR",721722.642,4098176.79
"219","F","SGEN",721724.272,4098173.359
"22","B","ROFF",721874.637,4099094.252
"220","F","SGEN",721711.103,4098184.205
"221","F","UPAR",721716.574,4098179.06
"222","F","UPAR",721725.009,4098175.913
"223","F","UPAR",721733.348,4098181.464
"224","F","UPAR",721731.123,4098184.823
"225","F","SGEN",721712.135,4098180.448
"226","B","SGEN",721870.857,4099076.592
"227","B","SGEN",721868.062,4099084.014
"228","B","SGEN",721868.996,4099076.621
"229","B","SGEN",721864.537,4099076.335
"23","B","ROFF",721880.01,4099092.065
"230","B","SGEN",721870.371,4099096.391
"231","B","SGEN",721872.288,4099076.441
"232","B","SGEN",721862.307,4099091.811
"233","B","SGEN",721867.8,4099074.596
"234","B","SGEN",721862.362,4099076.893
"235","B","SGEN",721873.706,4099096.048
"236","A","ROFF",721887.476,4099213.769
"237","A","ROFF",721875.097,4099221.285
"238","A","ROFF",721884.344,4099205.079
"239","A","ROFF",721873.776,4099204.413
"24","B","ROFF",721877.317,4099087.529
"240","A","ROFF",721885.447,4099201.966
"241","A","SGEN",721882.852,4099220.028
"242","A","SGEN",721880.42,4099213.212
"243","A","SGEN",721874.193,4099214.73
"244","A","SGEN",721885.378,4099211.82
"245","A","SGEN",721886.778,4099219.331
"246","A","SGEN",721891.009,4099211.263
"247","A","SGEN",721878.396,4099205.493
"248","A","SGEN",721877.031,4099206.796
"249","A","SGEN",721880.513,4099203.723
"25","B","ROFF",721870.737,4099085.415
"250","A","SGEN",721880.865,4099207.643
"251","C","SGEN",721820.594,4098783.124
"252","C","SGEN",721819.619,4098795.301
"253","C","SGEN",721818.836,4098791.96
"254","C","SGEN",721825.059,4098785.332
"255","C","SGEN",721824.178,4098793.879
"256","C","SGEN",721818.023,4098778.732
"257","C","SGEN",721807.054,4098795.58
"258","C","SGEN",721814.527,4098778.82
"259","C","SGEN",721813.766,4098784.344
"26","B","ROFF",721868.378,4099089.818
"260","C","SGEN",721815.201,4098792.917
"261","A","LPED",721882.933,4099202.041
"262","A","LPED",721886.202,4099208.327
"263","A","LPED",721890.8,4099213.364
"264","A","LPED",721882.808,4099221.021
"265","A","LPED",721884.338,4099217.67
"266","A","LPED",721877.427,4099213.646
"267","A","LPED",721875.513,4099211.646
"268","A","LPED",721881.787,4099213.787
"269","A","LPED",721876.867,4099217.362
"27","B","ROFF",721869.166,4099082.884
"270","A","LPED",721877.319,4099207.033
"271","A","LPED",721882.221,4099211.765
"272","A","LPED",721888.808,4099216.969
"273","A","LPED",721881.595,4099205.369
"274","A","LPED",721887.129,4099220.776
"275","A","LPED",721887.081,4099211.199
"276","B","LPED",721875.553,4099080.675
"277","B","LPED",721869.763,4099081.796
"278","B","LPED",721869.052,4099095.23
"279","B","LPED",721874.582,4099092.235
"28","B","ROFF",721861.513,4099079.621
"280","B","LPED",721871.894,4099078.403
"281","B","LPED",721863.189,4099077.224
"282","B","LPED",721866.448,4099081.051
"283","B","LPED",721861.523,4099090.762
"284","B","LPED",721864.734,4099092.346
"285","B","LPED",721868.298,4099075.663
"286","B","LPED",721871.84,4099087.282
"287","B","LPED",721871.705,4099083.81
"288","B","LPED",721866.303,4099088.077
"289","B","LPED",721865.389,4099084.008
"29","B","ROFF",721865.993,4099085.726
"290","B","LPED",721863.632,4099088.355
"291","C","LPED",721824.683,4098786.953
"292","C","LPED",721815.617,4098782.092
"293","C","LPED",721819.538,4098781.733
"294","C","LPED",721822.717,4098793.935
"295","C","LPED",721824.264,4098791.771
"296","C","LPED",721809.564,4098788.918
"297","C","LPED",721813.783,4098791.422
"298","C","LPED",721812.374,4098787.024
"299","C","LPED",721807.9,4098795.486
"3","A","UPAR",721887.344,4099206.34
"30","B","ROFF",721860.841,4099096.619
"300","C","LPED",721813.766,4098781.89
"301","C","LPED",721814.528,4098788.412
"302","C","LPED",721816.832,4098793.847
"303","C","LPED",721817.633,4098785.798
"304","C","LPED",721812.888,4098790.47
"305","C","LPED",721817.435,4098790.762
"306","D","LPED",721774.736,4098625.483
"307","D","LPED",721782.235,4098622.241
"308","D","LPED",721784.752,4098619.773
"309","D","LPED",721782.833,4098628.437
"31","C","ROFF",721808.422,4098793.423
"310","D","LPED",721785.312,4098624.257
"311","D","LPED",721788.556,4098610.577
"312","D","LPED",721792.629,4098617.636
"313","D","LPED",721792.974,4098615.024
"314","D","LPED",721796.19,4098621.601
"315","D","LPED",721788.054,4098616.059
"316","D","LPED",721781.703,4098616.409
"317","D","LPED",721771.649,4098621.11
"318","D","LPED",721788.546,4098621.335
"319","D","LPED",721791.312,4098626.497
"32","C","ROFF",721814.504,4098781.246
"320","D","LPED",721795.993,4098616.052
"321","E","LPED",721734.902,4098328.208
"322","E","LPED",721724.744,4098326.033
"323","E","LPED",721735.588,4098333.276
"324","E","LPED",721734.398,4098342.686
"325","E","LPED",721727.681,4098336.222
"326","E","LPED",721728.29,4098340.418
"327","E","LPED",721720.911,4098332.436
"328","E","LPED",721724.751,4098344.714
"329","E","LPED",721727.544,4098344.257
"33","C","ROFF",721825.646,4098793.653
"330","E","LPED",721719.571,4098337.941
"331","E","LPED",721737.97,4098336.631
"332","E","LPED",721730.356,4098323.313
"333","E","LPED",721724.759,4098339.446
"334","E","LPED",721729.037,4098337.395
"335","E","LPED",721731.618,4098334.823
"336","F","LPED",721729.458,4098177.674
"337","F","LPED",721722.172,4098175.519
"338","F","LPED",721726.817,4098170.238
"339","F","LPED",721717.303,4098172.714
"34","C","ROFF",721812.135,4098785.589
"340","F","LPED",721729.747,4098174.365
"341","F","LPED",721726.467,4098185.145
"342","F","LPED",721730.566,4098180.059
"343","F","LPED",721728.46,4098187.176
"344","F","LPED",721720.156,4098191.899
"345","F","LPED",721733.117,4098183.989
"346","F","LPED",721726.791,4098178.019
"347","F","LPED",721713.853,4098193.663
"348","F","LPED",721724.162,4098190.82
"349","F","LPED",721718.93,4098178.897
"35","C","ROFF",721820.619,4098782.09
"350","F","LPED",721725.651,4098179.917
"351","E","SGEN",721732.745,4098332.157
"352","E","SGEN",721728.55,4098338.909
"353","E","SGEN",721732.957,4098340.489
"354","E","SGEN",721721.633,4098345.079
"355","E","SGEN",721723.41,4098349.696
"356","E","SGEN",721734.189,4098326.85
"357","E","SGEN",721739.899,4098327.319
"358","E","SGEN",721718.564,4098336.123
"359","E","SGEN",721728.546,4098323.776
"36","C","ROFF",721822.021,4098795.254
"360","E","SGEN",721720.929,4098324.637
"361","E","CSAL",721722.431,4098335.903
"362","E","CSAL",721723.059,4098334.739
"363","E","CSAL",721734.643,4098342.489
"364","E","CSAL",721722.24,4098337.908
"365","E","CSAL",721721.085,4098337.954
"365_1","E","CSAL",721726.142,4098337.855
"365_2","E","CSAL",721728.01,4098338.628
"365_3","E","CSAL",721740.344,4098347.29
"365_4","E","CSAL",721739.596,4098348.841
"366","A","CLIB",721881.664,4099208.53
"367","A","CLIB",721880.303,4099212.632
"368","A","CLIB",721884.221,4099220.064
"369","A","CLIB",721883.13,4099220.798
"37","C","ROFF",721813.505,4098794.146
"370","A","CLIB",721874.969,4099208.763
"371","A","CLIB",721885.173,4099222.188
"372","A","CLIB",721891.673,4099214.024
"373","A","CLIB",721893.614,4099214.448
"374","A","CLIB",721888.331,4099222.838
"375","A","CLIB",721891.271,4099210.484
"376","A","CLIB",721877.024,4099216.635
"377","A","CLIB",721882.319,4099218.615
"378","A","CLIB",721875.365,4099214.807
"379","A","CLIB",721883.699,4099218.586
"38","C","ROFF",721817.674,4098800.938
"380","A","CLIB",721889.844,4099218.86
"381","B","CLIB",721864.805,4099085.795
"382","B","CLIB",721871.647,4099097.41
"383","B","CLIB",721864.205,4099095.157
"384","B","CLIB",721877.464,4099088.385
"385","B","CLIB",721858.221,4099091.252
"386","B","CLIB",721868.385,4099078.707
"387","B","CLIB",721864.059,4099082.164
"388","B","CLIB",721868.223,4099074.487
"389","B","CLIB",721874.819,4099075.662
"39","C","ROFF",721806.182,4098784.742
"390","B","CLIB",721873.5,4099082.194
"391","B","CLIB",721859.069,4099085.629
"392","B","CLIB",721860.202,4099095.444
"393","B","CLIB",721857.793,4099081.43
"394","B","CLIB",721861.613,4099083.861
"395","B","CLIB",721876.782,4099092.964
"396","D","CLIB",721793.718,4098623.821
"397","D","CLIB",721788.4,4098623.171
"398","D","CLIB",721780.501,4098634.885
"399","D","CLIB",721782.473,4098627.523
"4","A","UPAR",721892.49,4099211.473
"40","C","ROFF",721822.041,4098785.733
"400","D","CLIB",721791.481,4098628.298
"401","D","CLIB",721777.387,4098623.958
"402","D","CLIB",721792.334,4098615.8
"403","D","CLIB",721789.905,4098613.378
"404","D","CLIB",721781.829,4098621.647
"405","D","CLIB",721789.109,4098620.643
"406","D","CLIB",721783.257,4098619.671
"407","D","CLIB",721773.095,4098612.788
"408","D","CLIB",721780.168,4098631.214
"409","D","CLIB",721785.53,4098624.025
"41","C","ROFF",721816.227,4098786.795
"410","D","CLIB",721775.326,4098614.837
"411","E","CLIB",721732.842,4098325.978
"412","E","CLIB",721726.532,4098324.752
"413","E","CLIB",721729.914,4098325.329
"414","E","CLIB",721722.035,4098342.855
"415","E","CLIB",721724.539,4098328.164
"416","E","CLIB",721725.172,4098322.95
"417","E","CLIB",721719.971,4098347.775
"418","E","CLIB",721724.914,4098342.494
"419","E","CLIB",721716.257,4098341.505
"42","C","ROFF",721829.298,4098786.159
"420","E","CLIB",721733.109,4098322.289
"421","E","CLIB",721720.785,4098352.201
"422","E","CLIB",721725.43,4098353.083
"423","E","CLIB",721727.867,4098328.731
"424","E","CLIB",721722.865,4098346.454
"425","E","CLIB",721717.999,4098324.426
"426","F","CLIB",721719.887,4098181.436
"427","F","CLIB",721727.079,4098189.307
"428","F","CLIB",721729.055,4098187.508
"429","F","CLIB",721728.027,4098180.742
"43","C","ROFF",721810.732,4098778.686
"430","F","CLIB",721722.419,4098190.22
"431","F","CLIB",721731.728,4098174.505
"432","F","CLIB",721710.574,4098173.368
"433","F","CLIB",721712.751,4098192.975
"434","F","CLIB",721731.835,4098184.409
"435","F","CLIB",721730.689,4098178.933
"436","C","AVEL",721814.328,4098790.548
"437","C","AVEL",721828.649,4098795.135
"438","D","AVEL",721797.616,4098616.538
"439","D","AVEL",721785.304,4098615.354
"44","C","ROFF",721810.02,4098788.815
"440","D","AVEL",721786.778,4098620.069
"441","D","AVEL",721788.717,4098621.297
"442","D","AVEL",721774.46,4098616.71
"443","D","AVEL",721774.679,4098616.212
"444","D","AVEL",721774.495,4098615.767
"445","D","AVEL",721782.303,4098604.307
"446","D","AVEL",721801.702,4098622.577
"447","D","AVEL",721802.999,4098622.763
"448","D","AVEL",721801.929,4098623.652
"449","D","AVEL",721796.376,4098618.853
"45","C","ROFF",721830.461,4098798.39
"450","E","AVEL",721730.242,4098329.185
"451","E","AVEL",721731.249,4098330.623
"452","E","AVEL",721731.647,4098329.999
"453","E","AVEL",721732.412,4098327.981
"454","E","AVEL",721733.156,4098328.873
"455","E","AVEL",721733.908,4098327.897
"456","E","AVEL",721734.703,4098327.529
"457","E","AVEL",721742.207,4098332.464
"458","E","AVEL",721734.541,4098333.498
"459","E","AVEL",721732.714,4098331.937
"46","D","ROFF",721778.471,4098623.243
"460","F","AVEL",721725.995,4098178.468
"461","F","AVEL",721726.651,4098178.113
"462","F","AVEL",721720.682,4098177.957
"463","F","AVEL",721717.592,4098191.064
"464","F","AVEL",721716.732,4098190.109
"465","F","AVEL",721717.362,4098192.571
"466","F","AVEL",721732.521,4098178.785
"467","F","AVEL",721733.808,4098186.625
"468","F","AVEL",721718.058,4098190.851
"469","C","CLIB",721809.272,4098781.044
"47","D","ROFF",721774.687,4098623.285
"470","C","CLIB",721823.963,4098781.152
"471","A","HHAL",721875.714,4099207.884
"472","A","HHAL",721873.374,4099213.194
"473","A","HHAL",721877.878,4099216.11
"474","A","HHAL",721881.854,4099206.011
"475","A","HHAL",721879.962,4099214.214
"476","A","HHAL",721887.754,4099204.824
"477","A","HHAL",721884.742,4099223.984
"478","A","HHAL",721892.085,4099206.231
"479","A","HHAL",721884.849,4099216.407
"48","D","ROFF",721782.223,4098630.024
"480","A","HHAL",721890.769,4099208.293
"481","A","HHAL",721886.127,4099227.977
"482","A","HHAL",721892.337,4099218.232
"483","A","HHAL",721889.293,4099218.601
"484","A","HHAL",721891.658,4099220.353
"485","A","HHAL",721890.054,4099225.948
"486","B","HHAL",721876.549,4099078.829
"487","B","HHAL",721874.97,4099084.133
"488","B","HHAL",721872.88,4099078.237
"489","B","HHAL",721867.278,4099073.846
"49","D","ROFF",721787.256,4098630.59
"490","B","HHAL",721870.865,4099076.881
"491","B","HHAL",721868.085,4099096.129
"492","B","HHAL",721863.264,4099093.923
"493","B","HHAL",721869.416,4099093.679
"494","B","HHAL",721869.187,4099088.321
"495","B","HHAL",721873.983,4099092.246
"496","B","HHAL",721859.339,4099077.974
"497","B","HHAL",721862.852,4099079.504
"498","B","HHAL",721863.173,4099084.42
"499","B","HHAL",721856.563,4099085.599
"5","A","UPAR",721883.381,4099213.458
"50","D","ROFF",721793.3,4098625.574
"500","B","HHAL",721865.051,4099085.072
"501","C","HHAL",721816.419,4098793.626
"502","C","HHAL",721810.563,4098796.474
"503","C","HHAL",721807.2,4098796.577
"504","C","HHAL",721803.543,4098789.033
"505","C","HHAL",721804.243,4098793.902
"506","C","HHAL",721826.031,4098798.266
"507","C","HHAL",721814.072,4098786.527
"508","C","HHAL",721822.678,4098789.766
"509","C","HHAL",721819.628,4098780.816
"51","D","ROFF",721797.62,4098620.645
"510","C","HHAL",721811.984,4098783.159
"511","C","HHAL",721823.7,4098792.899
"512","C","HHAL",721813.699,4098790.503
"513","C","HHAL",721818.15,4098789.864
"514","C","HHAL",721827.74,4098788.095
"515","C","HHAL",721822.511,4098783.211
"516","D","HHAL",721792.046,4098632.334
"517","D","HHAL",721777.814,4098629.544
"518","D","HHAL",721782.648,4098629.599
"519","D","HHAL",721774.776,4098625.06
"52","D","ROFF",721781.632,4098614.604
"520","D","HHAL",721787.027,4098629.916
"521","D","HHAL",721799.655,4098619.241
"522","D","HHAL",721791.043,4098620.828
"523","D","HHAL",721794.756,4098616.483
"524","D","HHAL",721788.747,4098624.497
"525","D","HHAL",721798.967,4098614.016
"526","D","HHAL",721788.193,4098617.435
"527","D","HHAL",721787.098,4098611.956
"528","D","HHAL",721784.74,4098621.035
"529","D","HHAL",721791.701,4098614.085
"53","D","ROFF",721781.752,4098604.155
"530","D","HHAL",721780.987,4098615.489
"531","E","HHAL",721729.022,4098346.504
"532","E","HHAL",721720.006,4098331.371
"533","E","HHAL",721718.629,4098334.807
"534","E","HHAL",721722.013,4098339.526
"535","E","HHAL",721717.684,4098339.158
"536","E","HHAL",721734.573,4098334.542
"537","E","HHAL",721735.608,4098344.725
"538","E","HHAL",721730.049,4098328.771
"539","E","HHAL",721724.662,4098333.137
"54","D","ROFF",721773.961,4098617.34
"540","E","HHAL",721735.524,4098329.253
"541","E","HHAL",721726.949,4098341.839
"542","E","HHAL",721727.028,4098349.686
"543","E","HHAL",721721.942,4098350.289
"544","E","HHAL",721732.532,4098348.387
"545","E","HHAL",721720.365,4098346.027
"546","F","HHAL",721723.7,4098179.805
"547","F","HHAL",721718.633,4098191.81
"548","F","HHAL",721715.191,4098193.54
"549","F","HHAL",721710.418,4098191.569
"55","D","ROFF",721797.27,4098624.649
"550","F","HHAL",721716.988,4098188.841
"551","F","HHAL",721716.493,4098180.311
"552","F","HHAL",721709.605,4098182.591
"553","F","HHAL",721725.951,4098180.133
"554","F","HHAL",721727.747,4098175.194
"555","F","HHAL",721716.551,4098175.443
"556","F","HHAL",721725.464,4098186.037
"557","F","HHAL",721728.181,4098188.87
"558","F","HHAL",721719.403,4098183.454
"559","F","HHAL",721731.505,4098182.799
"56","D","ROFF",721787.008,4098626.279
"560","F","HHAL",721723.742,4098190.313
"561","F","CLIB",721724.901,4098174.691
"562","F","CLIB",721728.222,4098179.247
"563","F","CLIB",721731.613,4098186.421
"564","F","CLIB",721727.441,4098190.911
"565","F","CLIB",721711.87,4098195.293
"566","A","TMAS",721878.029,4099215.165
"567","A","TMAS",721879.318,4099214.008
"568","A","TMAS",721877.055,4099208.895
"569","A","TMAS",721877.734,4099208.05
"57","D","ROFF",721783.711,4098620.948
"570","A","TMAS",721884.573,4099202.019
"571","A","TMAS",721894.194,4099216.962
"572","A","TMAS",721888.33,4099203.62
"572_1","A","TMAS",721888.566,4099203.163
"573","A","TMAS",721871.4,4099215.241
"574","A","TMAS",721889.787,4099200.237
"575","A","TMAS",721878.529,4099209.614
"576","B","TMAS",721862.833,4099088.24
"577","B","TMAS",721859.414,4099090.907
"578","B","TMAS",721870.444,4099092.881
"579","B","TMAS",721862.838,4099096.124
"58","D","ROFF",721786.077,4098618.03
"580","B","TMAS",721871.006,4099096.756
"581","B","TMAS",721858.592,4099083.269
"582","B","TMAS",721857.687,4099083.878
"583","B","TMAS",721863.449,4099097.955
"584","B","TMAS",721862.951,4099094.366
"585","B","TMAS",721870.145,4099098.802
"586","C","TMAS",721804.41,4098783.753
"587","C","TMAS",721804.932,4098784.968
"588","C","TMAS",721810.762,4098786.423
"589","C","TMAS",721808.793,4098788.819
"59","D","ROFF",721779.651,4098632.236
"590","C","TMAS",721813.488,4098780.38
"591","D","TMAS",721785.172,4098627.951
"592","D","TMAS",721781.959,4098618.399
"593","D","TMAS",721782.947,4098618.244
"594","D","TMAS",721785.619,4098617.035
"595","D","TMAS",721786.364,4098619.842
"596","D","TMAS",721788.858,4098617.556
"597","D","TMAS",721788.739,4098612.593
"598","D","TMAS",721787.013,4098610.757
"599","D","TMAS",721786.92,4098605.283
"6","A","UPAR",721882.17,4099217.225
"60","D","ROFF",721780.67,4098627.815
"600","D","TMAS",721774.733,4098615.926
"601","E","TMAS",721721.75,4098325.465
"602","E","TMAS",721724.379,4098326.839
"603","E","TMAS",721725.295,4098325.132
"604","E","TMAS",721721.646,4098326.963
"605","E","TMAS",721722.221,4098324.21
"606","E","TMAS",721721.133,4098322.328
"607","E","TMAS",721723.421,4098320.97
"608","E","TMAS",721723.109,4098327.73
"609","E","TMAS",721725.952,4098326.223
"61","E","UPAR",721725.609,4098329.459
"610","E","TMAS",721722.75,4098322.335
"611","F","TMAS",721726.05,4098180.528
"612","F","TMAS",721730.321,4098181.318
"613","F","TMAS",721732.065,4098178.604
"614","F","TMAS",721732.674,4098184.823
"615","F","TMAS",721727.848,4098186.278
"616","F","TMAS",721716.598,4098182.387
"617","F","TMAS",721713.401,4098189.741
"618","F","TMAS",721722.546,4098172.026
"619","F","TMAS",721732.649,4098173.787
"62","E","UPAR",721729.201,4098337.745
"620","F","TMAS",721725.837,4098175.473
"621","F","TMAS",721724.251,4098176.554
"622","F","TMAS",721733.409,4098176.761
"623","F","TMAS",721723.893,4098168.969
"624","F","TMAS",721728.001,4098171.287
"625","F","TMAS",721719.924,4098178.47
"626","B","HPIC",721880.641,4099089.111
"627","B","HPIC",721875.489,4099093.82
"628","B","HPIC",721870.579,4099096.652
"629","B","HPIC",721859.485,4099095.843
"63","E","UPAR",721732.963,4098336.638
"630","B","HPIC",721861.114,4099091.174
"631","B","HPIC",721872.738,4099076.181
"632","B","HPIC",721874.596,4099077.883
"633","B","HPIC",721873.941,4099079.673
"634","B","HPIC",721858.351,4099076.358
"635","B","HPIC",721856.626,4099083.326
"636","B","HPIC",721877.74,4099090.725
"637","B","HPIC",721879.118,4099089.13
"638","B","HPIC",721875.941,4099098.197
"639","B","HPIC",721863.782,4099099.597
"64","E","UPAR",721734.276,4098329.216
"640","B","HPIC",721857.232,4099095.92
"641","C","HPIC",721823.23,4098790.363
"642","C","HPIC",721814.4,4098793.492
"643","C","HPIC",721817.537,4098793.579
"644","C","HPIC",721823.068,4098791.005
"645","C","HPIC",721811.953,4098790.165
"646","C","HPIC",721814.956,4098786.447
"647","C","HPIC",721814.081,4098781.839
"648","C","HPIC",721817.799,4098779.702
"649","C","HPIC",721814.32,4098781.307
"65","E","UPAR",721732.045,4098345.273
"650","C","HPIC",721808.285,4098789.907
"651","C","HPIC",721809.211,4098789.451
"652","C","HPIC",721801.832,4098782.51
"653","C","HPIC",721801.113,4098781.57
"654","C","HPIC",721813.788,4098788.508
"655","C","HPIC",721828.005,4098786.624
"656","D","HPIC",721791.161,4098625.67
"657","D","HPIC",721788.11,4098626.799
"658","D","HPIC",721785.677,4098625.878
"659","D","HPIC",721786.31,4098630.746
"66","E","UPAR",721718.878,4098331.064
"660","D","HPIC",721783.817,4098627.276
"661","D","HPIC",721785.592,4098621.987
"662","D","HPIC",721787.287,4098620.031
"663","D","HPIC",721795.976,4098616.332
"664","D","HPIC",721797.61,4098615.747
"665","D","HPIC",721784.568,4098609.102
"666","D","HPIC",721789.489,4098609.845
"667","D","HPIC",721797.446,4098620.931
"668","D","HPIC",721786.255,4098619.675
"669","D","HPIC",721773.81,4098617.442
"67","E","UPAR",721723.91,4098334.151
"670","D","HPIC",721772.264,4098622.617
"671","D","HPIC",721788.64,4098622.05
"672","D","HPIC",721784.417,4098620.517
"673","D","HPIC",721777.947,4098630.082
"674","D","HPIC",721790.44,4098634.499
"675","D","HPIC",721780.748,4098634.712
"676","A","HPIC",721871.546,4099215.497
"677","A","HPIC",721874.162,4099209.289
"678","A","HPIC",721873.418,4099208.3
"679","A","HPIC",721895.61,4099216.845
"68","E","UPAR",721723.802,4098349.277
"680","A","HPIC",721891.326,4099219.977
"681","A","HPIC",721871.29,4099213.369
"682","A","HPIC",721877.102,4099213.694
"683","A","HPIC",721885.381,4099221.272
"684","A","HPIC",721878.458,4099207.435
"685","A","HPIC",721876.914,4099207.508
"686","F","HPIC",721725.328,4098189.951
"687","F","HPIC",721719.86,4098193.938
"688","B","HPIC",721865.262,4099072.541
"689","B","HPIC",721872.259,4099077.083
"69","E","UPAR",721721.436,4098344.415
"690","B","HPIC",721876.521,4099073.39
"691","B","HPIC",721869.908,4099083.307
"692","B","HPIC",721864.97,4099087.531
"7","A","UPAR",721877.301,4099218.486
"70","E","UPAR",721726.803,4098345.461
"71","E","UPAR",721729.239,4098331.854
"72","E","UPAR",721723.209,4098326
"73","E","UPAR",721724.491,4098336.864
"74","E","UPAR",721727.893,4098340.56
"75","E","UPAR",721719.56,4098337.392
"76","E","ROFF",721720.593,4098341.96
"77","E","ROFF",721734.685,4098347.436
"78","E","ROFF",721715.907,4098337.031
"79","E","ROFF",721714.925,4098343.178
"8","A","UPAR",721878.015,4099214.621
"80","E","ROFF",721728.821,4098340.029
"81","E","ROFF",721735.537,4098341.686
"82","E","ROFF",721725.126,4098336.882
"83","E","ROFF",721725.32,4098326.54
"84","E","ROFF",721719.597,4098343.667
"85","E","ROFF",721724.988,4098331.002
"86","E","ROFF",721721.506,4098331.444
"87","E","ROFF",721727.413,4098334.868
"88","E","ROFF",721725.41,4098322.138
"89","E","ROFF",721719.318,4098328.094
"9","A","UPAR",721873.626,4099203.555
"90","E","ROFF",721740.256,4098323.944
"91","F","ROFF",721732.177,4098170.72
"92","F","ROFF",721720.341,4098169.968
"93","F","ROFF",721729.657,4098179.435
"94","F","ROFF",721726.088,4098169.526
"95","F","ROFF",721713.91,4098177.277
"96","F","ROFF",721716.776,4098191.653
"97","F","ROFF",721717.271,4098184.358
"98","F","ROFF",721729.869,4098189.342
"99","F","ROFF",721713.24,4098186.945
"X","F","UPAR",721722.121,4098194.22
"Y","A","SGEN",721892.512,4099219.565
"Z","B","CSAL",721869.787,4099083.45
